
--Tablas Villa Pet
-----------------------------------------------------------------------------------------------------------------------------------------------------------------------------------------------------------

CREATE TABLE Tab_Puesto (
    ID_Puesto NUMBER GENERATED BY DEFAULT AS IDENTITY PRIMARY KEY,
    Descripcion_Puesto VARCHAR2(100) NOT NULL
);

CREATE TABLE Tab_Rol (
    ID_Rol NUMBER GENERATED BY DEFAULT AS IDENTITY PRIMARY KEY,
    Descripcion_Rol VARCHAR2(100) NOT NULL
);

CREATE TABLE Tab_Sucursal (
    ID_Sucursal NUMBER GENERATED BY DEFAULT AS IDENTITY PRIMARY KEY,
    Correo_sucursal VARCHAR2(100) NOT NULL,
    Telefono_Sucursal VARCHAR2(20) NOT NULL,
    Nombre_Sucursal VARCHAR2(100) NOT NULL,
    Direccion_Sucursal VARCHAR2(200) NOT NULL
);


CREATE TABLE Tab_Empleado (
    ID_Empleado NUMBER GENERATED BY DEFAULT AS IDENTITY PRIMARY KEY,
    ID_Puesto NUMBER,
    ID_Rol NUMBER,
    ID_Sucursal NUMBER,
    Nombre_Empleado VARCHAR2(100) NOT NULL,
    Apellido VARCHAR2(100) NOT NULL,
    Correo VARCHAR2(100) NOT NULL,
    Contrasena VARCHAR2(100) NOT NULL,
    Salario NUMBER NOT NULL,
    CONSTRAINT fk_puesto_emp FOREIGN KEY (ID_Puesto) REFERENCES Tab_Puesto(ID_Puesto),
    CONSTRAINT fk_rol_emp FOREIGN KEY (ID_Rol) REFERENCES Tab_Rol(ID_Rol),
    CONSTRAINT fk_sucursal_emp FOREIGN KEY (ID_Sucursal) REFERENCES Tab_Sucursal(ID_Sucursal) 
);

CREATE TABLE Tab_Proveedor (
    ID_Proveedor NUMBER GENERATED BY DEFAULT AS IDENTITY PRIMARY KEY,
    Nombre_Proveedor VARCHAR2(100) NOT NULL,
    Telefono_Proveedor VARCHAR2(20) NOT NULL,
    Direccion_Proveedor VARCHAR2(200) NOT NULL
);

CREATE TABLE Tab_Cliente (
    ID_Cliente NUMBER GENERATED BY DEFAULT AS IDENTITY PRIMARY KEY,
    Nombre_Cliente VARCHAR2(100),
    Apellido VARCHAR2(100),
    Direccion_Cliente VARCHAR2(200),
    Telefono_Cliente VARCHAR2(20),
    Correo_Cliente VARCHAR2(100)
);

CREATE TABLE Tab_Venta (
    Num_Factura NUMBER GENERATED BY DEFAULT AS IDENTITY PRIMARY KEY,
    ID_Cliente NUMBER,
    ID_Sucursal NUMBER,
    Monto_Venta NUMBER NOT NULL,
    Fecha DATE NOT NULL,
    CONSTRAINT fk_cliente_venta FOREIGN KEY (ID_Cliente) REFERENCES Tab_Cliente(ID_Cliente),
    CONSTRAINT fk_sucursal_venta FOREIGN KEY (ID_Sucursal) REFERENCES Tab_Sucursal(ID_Sucursal)
);

CREATE TABLE Tab_Categoria (
    ID_Categoria NUMBER GENERATED BY DEFAULT AS IDENTITY PRIMARY KEY,
    Descripcion_Categoria VARCHAR2(100) NOT NULL
);

CREATE TABLE Tab_Servicio (
    ID_Servicio NUMBER GENERATED BY DEFAULT AS IDENTITY PRIMARY KEY,
    ID_Empleado NUMBER,
    Nombre_Servicios VARCHAR2(100) NOT NULL,
    Descripcion_Servicio VARCHAR2(200) NOT NULL,
    Precio NUMBER,
    CONSTRAINT fk_empleado_servicio FOREIGN KEY (ID_Empleado) REFERENCES Tab_Empleado(ID_Empleado)
);

CREATE TABLE Tab_Pago (
    Cod_Pago NUMBER GENERATED BY DEFAULT AS IDENTITY PRIMARY KEY,
    ID_Proveedor NUMBER,
    Monto NUMBER  NOT NULL,
    Fecha DATE  NOT NULL,
    CONSTRAINT fk_proveedor_pago FOREIGN KEY (ID_Proveedor) REFERENCES Tab_Proveedor(ID_Proveedor)
);

CREATE TABLE Tab_Producto (
    ID_Producto NUMBER GENERATED BY DEFAULT AS IDENTITY PRIMARY KEY,
    ID_Categoria NUMBER,
    ID_Proveedor NUMBER,
    ID_Sucursal NUMBER,
    Descripcion VARCHAR2(200) NOT NULL,
    Precio NUMBER NOT NULL,
    Stock NUMBER NOT NULL,
    CONSTRAINT fk_categoria_producto FOREIGN KEY (ID_Categoria) REFERENCES Tab_Categoria(ID_Categoria),
    CONSTRAINT fk_proveedor_producto FOREIGN KEY (ID_Proveedor) REFERENCES Tab_Proveedor(ID_Proveedor)
);

CREATE TABLE Tab_Detalle (
    ID_Detalle NUMBER GENERATED BY DEFAULT AS IDENTITY PRIMARY KEY,
    Tipo_Elemento VARCHAR(200),  
    ID_Elemento NUMBER,         
    Cantidad NUMBER,
    Precio NUMBER,
    ID_Venta NUMBER,
    CONSTRAINT fk_detalle_venta FOREIGN KEY (ID_Venta) REFERENCES Tab_Venta(Num_Factura)
);

CREATE TABLE Tab_Auditoria(
    audit_id NUMBER GENERATED BY DEFAULT AS IDENTITY PRIMARY KEY,
    table_name VARCHAR2(200),
    transaction_name VARCHAR2(10),
    by_user VARCHAR2(30),
    transaction_date DATE
);

CREATE TABLE Tab_Login_log(
    log_id NUMBER GENERATED BY DEFAULT AS IDENTITY PRIMARY KEY,
    usuario VARCHAR2(50),
    fecha_hora DATE,
    accion VARCHAR2(50)
);


-- Inserciones en Tab_Rol
INSERT INTO Tab_Rol (ID_Rol, Descripcion_Rol) VALUES (01, 'ADMIN');
INSERT INTO Tab_Rol (ID_Rol, Descripcion_Rol) VALUES (02, 'USER');

-- Inserciones en Tab_Sucursal
INSERT INTO Tab_Sucursal (ID_Sucursal, Correo_sucursal, Telefono_Sucursal, Nombre_Sucursal, Direccion_Sucursal) VALUES (01, 'villapetsabana@gmail.com', '89326213', 'Sucursal Principal', 'Sabana este');
INSERT INTO Tab_Sucursal (ID_Sucursal, Correo_sucursal, Telefono_Sucursal, Nombre_Sucursal, Direccion_Sucursal) VALUES (02, 'villapetcurridabat@gmail.com', '22554488', 'Sucursal Curridabat', 'Curridabat, San Jose');
INSERT INTO Tab_Sucursal (ID_Sucursal, Correo_sucursal, Telefono_Sucursal, Nombre_Sucursal, Direccion_Sucursal) VALUES (03, 'villapetescazu@gmail.com', '26435566', 'Sucursal Escazu', 'Escazu, San Jose');
INSERT INTO Tab_Sucursal (ID_Sucursal, Correo_sucursal, Telefono_Sucursal, Nombre_Sucursal, Direccion_Sucursal) VALUES (04, 'villapetoxigeno@gmail.com', '27778899', 'Sucursal Oxigeno', 'Oxigeno, Heredia');
INSERT INTO Tab_Sucursal (ID_Sucursal, Correo_sucursal, Telefono_Sucursal, Nombre_Sucursal, Direccion_Sucursal) VALUES (05, 'villapetcartago@gmail.com', '21013322', 'Sucursal Cartago', 'Cartago Centro');
INSERT INTO Tab_Sucursal (ID_Sucursal, Correo_sucursal, Telefono_Sucursal, Nombre_Sucursal, Direccion_Sucursal) VALUES (06, 'villapetsanpedro@gmail.com', '22001122', 'Sucursal San Pedro', 'San Pedro, San Jose');

-- Inserciones en Tab_Proveedor
INSERT INTO Tab_Proveedor (ID_Proveedor, Nombre_Proveedor, Telefono_Proveedor, Direccion_Proveedor) VALUES (01, 'Pedigree', '25254080', 'San Jose');
INSERT INTO Tab_Proveedor (ID_Proveedor, Nombre_Proveedor, Telefono_Proveedor, Direccion_Proveedor) VALUES (02, 'Royal Canin', '22223344', 'San Pedro, San Jose');
INSERT INTO Tab_Proveedor (ID_Proveedor, Nombre_Proveedor, Telefono_Proveedor, Direccion_Proveedor) VALUES (03, 'Hills Pet Nutrition', '24445566', 'Curridabat, San Jose');
INSERT INTO Tab_Proveedor (ID_Proveedor, Nombre_Proveedor, Telefono_Proveedor, Direccion_Proveedor) VALUES (04, 'Whiskas', '27778899', 'Heredia, Heredia');
INSERT INTO Tab_Proveedor (ID_Proveedor, Nombre_Proveedor, Telefono_Proveedor, Direccion_Proveedor) VALUES (05, 'Purina', '25556677', 'San Rafael, Alajuela');
INSERT INTO Tab_Proveedor (ID_Proveedor, Nombre_Proveedor, Telefono_Proveedor, Direccion_Proveedor) VALUES (06, 'Friskies', '26667788', 'Curridabat, San Jose');
INSERT INTO Tab_Proveedor (ID_Proveedor, Nombre_Proveedor, Telefono_Proveedor, Direccion_Proveedor) VALUES (07, 'Acana', '25557744', 'Cartago Centro');
INSERT INTO Tab_Proveedor (ID_Proveedor, Nombre_Proveedor, Telefono_Proveedor, Direccion_Proveedor) VALUES (08, 'Merrick', '29991122', 'San Pedro, San Jose');
INSERT INTO Tab_Proveedor (ID_Proveedor, Nombre_Proveedor, Telefono_Proveedor, Direccion_Proveedor) VALUES (09, 'Blue Buffalo', '28887766', 'San Rafael, Alajuela');
INSERT INTO Tab_Proveedor (ID_Proveedor, Nombre_Proveedor, Telefono_Proveedor, Direccion_Proveedor) VALUES (10, 'Taste of the Wild', '27779988', 'Curridabat, San Jose');
INSERT INTO Tab_Proveedor (ID_Proveedor, Nombre_Proveedor, Telefono_Proveedor, Direccion_Proveedor) VALUES (11, 'Orijen', '24446699', 'Heredia, Heredia');
INSERT INTO Tab_Proveedor (ID_Proveedor, Nombre_Proveedor, Telefono_Proveedor, Direccion_Proveedor) VALUES (12, 'Fromm', '23334455', 'San Jose');
INSERT INTO Tab_Proveedor (ID_Proveedor, Nombre_Proveedor, Telefono_Proveedor, Direccion_Proveedor) VALUES (13, 'Canidae', '21112233', 'Cartago Centro');

-- Inserciones en Tab_Puesto
INSERT INTO Tab_Puesto (ID_Puesto, Descripcion_Puesto) VALUES (01, 'Cajero');
INSERT INTO Tab_Puesto (ID_Puesto, Descripcion_Puesto) VALUES (02, 'Vendedor');
INSERT INTO Tab_Puesto (ID_Puesto, Descripcion_Puesto) VALUES (03, 'Administrador');
INSERT INTO Tab_Puesto (ID_Puesto, Descripcion_Puesto) VALUES (04, 'Recepcionista');
INSERT INTO Tab_Puesto (ID_Puesto, Descripcion_Puesto) VALUES (05, 'Encargado de Almacen');
INSERT INTO Tab_Puesto (ID_Puesto, Descripcion_Puesto) VALUES (06, 'Auxiliar de Veterinaria');
INSERT INTO Tab_Puesto (ID_Puesto, Descripcion_Puesto) VALUES (07, 'Asistente de Tienda de Mascotas');
INSERT INTO Tab_Puesto (ID_Puesto, Descripcion_Puesto) VALUES (08, 'Entrenador de Perros');
INSERT INTO Tab_Puesto (ID_Puesto, Descripcion_Puesto) VALUES (09, 'Asesor Nutricional de Mascotas');
INSERT INTO Tab_Puesto (ID_Puesto, Descripcion_Puesto) VALUES (10, 'Operador de Servicios de Baño y Corte');
INSERT INTO Tab_Puesto (ID_Puesto, Descripcion_Puesto) VALUES (11, 'Supervisor de Control de Calidad de Alimentos para Mascotas');
INSERT INTO Tab_Puesto (ID_Puesto, Descripcion_Puesto) VALUES (12, 'Especialista en Comportamiento Animal');

-- Inserciones en Tab_Categoria
INSERT INTO Tab_Categoria (ID_Categoria, Descripcion_Categoria) VALUES (01, 'Peluquería');
INSERT INTO Tab_Categoria (ID_Categoria, Descripcion_Categoria) VALUES (02, 'Alimento para perros');
INSERT INTO Tab_Categoria (ID_Categoria, Descripcion_Categoria) VALUES (03, 'Alimento para gatos');
INSERT INTO Tab_Categoria (ID_Categoria, Descripcion_Categoria) VALUES (04, 'Accesorios para mascotas');
INSERT INTO Tab_Categoria (ID_Categoria, Descripcion_Categoria) VALUES (05, 'Juguetes para mascotas');
INSERT INTO Tab_Categoria (ID_Categoria, Descripcion_Categoria) VALUES (06, 'Productos de higiene');
INSERT INTO Tab_Categoria (ID_Categoria, Descripcion_Categoria) VALUES (07, 'Camas para mascotas');
INSERT INTO Tab_Categoria (ID_Categoria, Descripcion_Categoria) VALUES (08, 'Collares y correas');
INSERT INTO Tab_Categoria (ID_Categoria, Descripcion_Categoria) VALUES (09, 'Snacks y premios');
INSERT INTO Tab_Categoria (ID_Categoria, Descripcion_Categoria) VALUES (10, 'Transporte para mascotas');
INSERT INTO Tab_Categoria (ID_Categoria, Descripcion_Categoria) VALUES (11, 'Artículos de entrenamiento');

-- Inserciones en Tab_Empleado
INSERT INTO Tab_Empleado (ID_Empleado, ID_Puesto, ID_Rol, ID_Sucursal, Nombre_Empleado, Apellido, Correo, Contrasena, Salario) VALUES (01, 01, 02, 01, 'Bruno', 'Diaz', 'diaz01@yahoo.com', '12345', 300000);
INSERT INTO Tab_Empleado (ID_Empleado, ID_Puesto, ID_Rol, ID_Sucursal, Nombre_Empleado, Apellido, Correo, Contrasena, Salario) VALUES (02, 03, 01, 02, 'María', 'Martínez', 'mmartinez@example.com', '123', 320000);
INSERT INTO Tab_Empleado (ID_Empleado, ID_Puesto, ID_Rol, ID_Sucursal, Nombre_Empleado, Apellido, Correo, Contrasena, Salario) VALUES (03, 07, 02, 01, 'Juan', 'González', 'jgonzalez@example.com', '123', 320000);
INSERT INTO Tab_Empleado (ID_Empleado, ID_Puesto, ID_Rol, ID_Sucursal, Nombre_Empleado, Apellido, Correo, Contrasena, Salario) VALUES (04, 04, 02, 04, 'Ana', 'Sánchez', 'asanchez@example.com', '123', 350000);
INSERT INTO Tab_Empleado (ID_Empleado, ID_Puesto, ID_Rol, ID_Sucursal, Nombre_Empleado, Apellido, Correo, Contrasena, Salario) VALUES (05, 05, 02, 05, 'Carlos', 'Vargas', 'cvargas@example.com', '123', 380000);
INSERT INTO Tab_Empleado (ID_Empleado, ID_Puesto, ID_Rol, ID_Sucursal, Nombre_Empleado, Apellido, Correo, Contrasena, Salario) VALUES (06, 06, 02, 05, 'Sofía', 'López', 'slopez@example.com', '123', 400000);
INSERT INTO Tab_Empleado (ID_Empleado, ID_Puesto, ID_Rol, ID_Sucursal, Nombre_Empleado, Apellido, Correo, Contrasena, Salario) VALUES (07, 08, 02, 03, 'Laura', 'García', 'lgarcia@example.com', '123', 320000);
INSERT INTO Tab_Empleado (ID_Empleado, ID_Puesto, ID_Rol, ID_Sucursal, Nombre_Empleado, Apellido, Correo, Contrasena, Salario) VALUES (08, 03, 01, 01, 'Pedro', 'Rodríguez', 'prodriguez@example.com', '123', 320000);
INSERT INTO Tab_Empleado (ID_Empleado, ID_Puesto, ID_Rol, ID_Sucursal, Nombre_Empleado, Apellido, Correo, Contrasena, Salario) VALUES (09, 10, 02, 04, 'Luis', 'Pérez', 'lperez@example.com', '123', 350000);
INSERT INTO Tab_Empleado (ID_Empleado, ID_Puesto, ID_Rol, ID_Sucursal, Nombre_Empleado, Apellido, Correo, Contrasena, Salario) VALUES (10, 11, 02, 05, 'Mariana', 'Gutiérrez', 'mgutierrez@example.com', '123', 380000);
INSERT INTO Tab_Empleado (ID_Empleado, ID_Puesto, ID_Rol, ID_Sucursal, Nombre_Empleado, Apellido, Correo, Contrasena, Salario) VALUES (11, 12, 02, 02, 'Gabriel', 'Hernández', 'ghernandez@example.com', '123', 400000);
INSERT INTO Tab_Empleado (ID_Empleado, ID_Puesto, ID_Rol, ID_Sucursal, Nombre_Empleado, Apellido, Correo, Contrasena, Salario) VALUES (12, 01, 02, 03, 'Laura', 'Fernández', 'lfernandez@example.com', '123', 300000);
INSERT INTO Tab_Empleado (ID_Empleado, ID_Puesto, ID_Rol, ID_Sucursal, Nombre_Empleado, Apellido, Correo, Contrasena, Salario) VALUES (13, 02, 02, 04, 'Diego', 'Soto', 'dsoto@example.com', '123', 320000);
INSERT INTO Tab_Empleado (ID_Empleado, ID_Puesto, ID_Rol, ID_Sucursal, Nombre_Empleado, Apellido, Correo, Contrasena, Salario) VALUES (14, 03, 02, 01, 'Lucía', 'Herrera', 'lherrera@example.com', '123', 350000);
INSERT INTO Tab_Empleado (ID_Empleado, ID_Puesto, ID_Rol, ID_Sucursal, Nombre_Empleado, Apellido, Correo, Contrasena, Salario) VALUES (15, 08, 02, 05, 'Martín', 'López', 'mlopez@example.com', '123', 380000);
INSERT INTO Tab_Empleado (ID_Empleado, ID_Puesto, ID_Rol, ID_Sucursal, Nombre_Empleado, Apellido, Correo, Contrasena, Salario) VALUES (16, 05, 02, 02, 'Valentina', 'Cruz', 'vcruz@example.com', '123', 400000);
INSERT INTO Tab_Empleado (ID_Empleado, ID_Puesto, ID_Rol, ID_Sucursal, Nombre_Empleado, Apellido, Correo, Contrasena, Salario) VALUES (17, 06, 02, 03, 'Emilio', 'Martínez', 'emartinez@example.com', '123', 320000);
INSERT INTO Tab_Empleado (ID_Empleado, ID_Puesto, ID_Rol, ID_Sucursal, Nombre_Empleado, Apellido, Correo, Contrasena, Salario) VALUES (18, 07, 02, 04, 'Camila', 'Alvarado', 'calvarado@example.com', '123', 320000);
INSERT INTO Tab_Empleado (ID_Empleado, ID_Puesto, ID_Rol, ID_Sucursal, Nombre_Empleado, Apellido, Correo, Contrasena, Salario) VALUES (19, 08, 02, 01, 'Javier', 'Chaves', 'jchaves@example.com', '123', 350000);
INSERT INTO Tab_Empleado (ID_Empleado, ID_Puesto, ID_Rol, ID_Sucursal, Nombre_Empleado, Apellido, Correo, Contrasena, Salario) VALUES (20, 09, 02, 05, 'Adriana', 'Sánchez', 'asanchez2@example.com', '123', 380000);
INSERT INTO Tab_Empleado (ID_Empleado, ID_Puesto, ID_Rol, ID_Sucursal, Nombre_Empleado, Apellido, Correo, Contrasena, Salario) VALUES (21, 10, 02, 02, 'Fernanda', 'Gómez', 'fgomez@example.com', '123', 400000);

-- Inserciones en Tab_Cliente
INSERT INTO Tab_Cliente (ID_Cliente, Nombre_Cliente, Apellido, Direccion_Cliente, Telefono_Cliente, Correo_Cliente) VALUES (01, 'Jeff', 'Ramos', 'Santa Ana', '67253534', 'anad92@gmail.com');
INSERT INTO Tab_Cliente (ID_Cliente, Nombre_Cliente, Apellido, Direccion_Cliente, Telefono_Cliente, Correo_Cliente) VALUES (02, 'Laura', 'Fernández', 'San José', '87123456', 'lfernandez@example.com');
INSERT INTO Tab_Cliente (ID_Cliente, Nombre_Cliente, Apellido, Direccion_Cliente, Telefono_Cliente, Correo_Cliente) VALUES (03, 'Diego', 'Gómez', 'Heredia', '81234567', 'dgomez@example.com');
INSERT INTO Tab_Cliente (ID_Cliente, Nombre_Cliente, Apellido, Direccion_Cliente, Telefono_Cliente, Correo_Cliente) VALUES (04, 'Valentina', 'Chacón', 'Alajuela', '72345678', 'vchacon@example.com');
INSERT INTO Tab_Cliente (ID_Cliente, Nombre_Cliente, Apellido, Direccion_Cliente, Telefono_Cliente, Correo_Cliente) VALUES (05, 'Mateo', 'Castro', 'Cartago', '63456789', 'mcastro@example.com');
INSERT INTO Tab_Cliente (ID_Cliente, Nombre_Cliente, Apellido, Direccion_Cliente, Telefono_Cliente, Correo_Cliente) VALUES (06, 'Isabella', 'Morales', 'Liberia', '54567890', 'imorales@example.com');
INSERT INTO Tab_Cliente (ID_Cliente, Nombre_Cliente, Apellido, Direccion_Cliente, Telefono_Cliente, Correo_Cliente) VALUES (07, 'Sofía', 'Hernández', 'Escazú', '45678901', 'shernandez@example.com');
INSERT INTO Tab_Cliente (ID_Cliente, Nombre_Cliente, Apellido, Direccion_Cliente, Telefono_Cliente, Correo_Cliente) VALUES (08, 'Lucas', 'Gutiérrez', 'Puntarenas', '36789012', 'lgutierrez@example.com');
INSERT INTO Tab_Cliente (ID_Cliente, Nombre_Cliente, Apellido, Direccion_Cliente, Telefono_Cliente, Correo_Cliente) VALUES (09, 'Valeria', 'Alvarado', 'Limón', '27890123', 'valvarado@example.com');
INSERT INTO Tab_Cliente (ID_Cliente, Nombre_Cliente, Apellido, Direccion_Cliente, Telefono_Cliente, Correo_Cliente) VALUES (10, 'Juan', 'Martínez', 'Guanacaste', '18901234', 'jmartinez@example.com');
INSERT INTO Tab_Cliente (ID_Cliente, Nombre_Cliente, Apellido, Direccion_Cliente, Telefono_Cliente, Correo_Cliente) VALUES (11, 'Ana', 'Soto', 'Tilarán', '89012345', 'asoto@example.com');
INSERT INTO Tab_Cliente (ID_Cliente, Nombre_Cliente, Apellido, Direccion_Cliente, Telefono_Cliente, Correo_Cliente) VALUES (12, 'Pablo', 'Vargas', 'Upala', '90123456', 'pvargas@example.com');
INSERT INTO Tab_Cliente (ID_Cliente, Nombre_Cliente, Apellido, Direccion_Cliente, Telefono_Cliente, Correo_Cliente) VALUES (13, 'Emma', 'Herrera', 'Nicoya', '01234567', 'eherrera@example.com');
INSERT INTO Tab_Cliente (ID_Cliente, Nombre_Cliente, Apellido, Direccion_Cliente, Telefono_Cliente, Correo_Cliente) VALUES (14, 'Daniel', 'López', 'Sámara', '12345678', 'dlopez@example.com');
INSERT INTO Tab_Cliente (ID_Cliente, Nombre_Cliente, Apellido, Direccion_Cliente, Telefono_Cliente, Correo_Cliente) VALUES (15, 'Lucía', 'Chaves', 'Monteverde', '23456789', 'lchaves@example.com');

-- Inserciones en Tab_Producto
INSERT INTO Tab_Producto (ID_Producto, ID_Categoria, ID_Proveedor, ID_Sucursal, Descripcion, Precio, Stock) VALUES (01, 01, 01, 01, 'Pedigree Adulto', 4000, 10);
INSERT INTO Tab_Producto (ID_Producto, ID_Categoria, ID_Proveedor, ID_Sucursal, Descripcion, Precio, Stock) VALUES (02, 02, 02, 01, 'Royal Canin Puppy', 6000, 15);
INSERT INTO Tab_Producto (ID_Producto, ID_Categoria, ID_Proveedor, ID_Sucursal, Descripcion, Precio, Stock) VALUES (03, 02, 03, 04, 'Hills Science Diet Adulto', 8000, 20);
INSERT INTO Tab_Producto (ID_Producto, ID_Categoria, ID_Proveedor, ID_Sucursal, Descripcion, Precio, Stock) VALUES (04, 03, 04, 02, 'Whiskas Carne', 3500, 0);
INSERT INTO Tab_Producto (ID_Producto, ID_Categoria, ID_Proveedor, ID_Sucursal, Descripcion, Precio, Stock) VALUES (05, 03, 05, 05, 'Purina Cat Chow', 4000, 25);
INSERT INTO Tab_Producto (ID_Producto, ID_Categoria, ID_Proveedor, ID_Sucursal, Descripcion, Precio, Stock) VALUES (06, 04, 06, 02, 'Collar para Perros', 2500, 50);
INSERT INTO Tab_Producto (ID_Producto, ID_Categoria, ID_Proveedor, ID_Sucursal, Descripcion, Precio, Stock) VALUES (07, 04, 07, 03, 'Cama para Perros Pequeños', 7000, 0);
INSERT INTO Tab_Producto (ID_Producto, ID_Categoria, ID_Proveedor, ID_Sucursal, Descripcion, Precio, Stock) VALUES (08, 05, 08, 01, 'Pelota de Caucho para Mascotas', 1500, 20);
INSERT INTO Tab_Producto (ID_Producto, ID_Categoria, ID_Proveedor, ID_Sucursal, Descripcion, Precio, Stock) VALUES (09, 06, 09, 04, 'Shampoo para Gatos', 2000, 15);
INSERT INTO Tab_Producto (ID_Producto, ID_Categoria, ID_Proveedor, ID_Sucursal, Descripcion, Precio, Stock) VALUES (10, 07, 10, 02, 'Mochila de Transporte para Mascotas', 10000, 5);
INSERT INTO Tab_Producto (ID_Producto, ID_Categoria, ID_Proveedor, ID_Sucursal, Descripcion, Precio, Stock) VALUES (11, 08, 11, 05, 'Collar Reflectante para Perros', 3000, 20);
INSERT INTO Tab_Producto (ID_Producto, ID_Categoria, ID_Proveedor, ID_Sucursal, Descripcion, Precio, Stock) VALUES (12, 09, 12, 03, 'Snacks de Pollo para Perros', 1800, 30);
INSERT INTO Tab_Producto (ID_Producto, ID_Categoria, ID_Proveedor, ID_Sucursal, Descripcion, Precio, Stock) VALUES (13, 10, 13, 01, 'Arnés para Perros', 3500, 15);
INSERT INTO Tab_Producto (ID_Producto, ID_Categoria, ID_Proveedor, ID_Sucursal, Descripcion, Precio, Stock) VALUES (14, 11, 01, 04, 'Clicker para Entrenamiento de Perros', 500, 40);
INSERT INTO Tab_Producto (ID_Producto, ID_Categoria, ID_Proveedor, ID_Sucursal, Descripcion, Precio, Stock) VALUES (15, 02, 02, 05, 'Royal Canin Medium Adulto', 7000, 10);
INSERT INTO Tab_Producto (ID_Producto, ID_Categoria, ID_Proveedor, ID_Sucursal, Descripcion, Precio, Stock) VALUES (16, 03, 03, 01, 'Hills Science Diet Kitten', 7500, 15);
INSERT INTO Tab_Producto (ID_Producto, ID_Categoria, ID_Proveedor, ID_Sucursal, Descripcion, Precio, Stock) VALUES (17, 03, 04, 02, 'Whiskas Pollo', 3800, 20);
INSERT INTO Tab_Producto (ID_Producto, ID_Categoria, ID_Proveedor, ID_Sucursal, Descripcion, Precio, Stock) VALUES (18, 03, 05, 03, 'Purina Pro Plan Kitten', 5500, 25);
INSERT INTO Tab_Producto (ID_Producto, ID_Categoria, ID_Proveedor, ID_Sucursal, Descripcion, Precio, Stock) VALUES (19, 04, 06, 05, 'Juguete para Gatos con Hierba Gatera', 1200, 30);
INSERT INTO Tab_Producto (ID_Producto, ID_Categoria, ID_Proveedor, ID_Sucursal, Descripcion, Precio, Stock) VALUES (20, 05, 07, 01, 'Pelota con Sonido para Mascotas', 1000, 40);

-- Inserciones en Tab_Venta
INSERT INTO Tab_Venta (Num_Factura, ID_Cliente, ID_Sucursal, Monto_Venta) VALUES (01, 01, 01, 4000);
INSERT INTO Tab_Venta (Num_Factura, ID_Cliente, ID_Sucursal, Monto_Venta) VALUES (02, 02, 02, 8000);
INSERT INTO Tab_Venta (Num_Factura, ID_Cliente, ID_Sucursal, Monto_Venta) VALUES (03, 03, 03, 12000);
INSERT INTO Tab_Venta (Num_Factura, ID_Cliente, ID_Sucursal, Monto_Venta) VALUES (04, 04, 04, 5000);
INSERT INTO Tab_Venta (Num_Factura, ID_Cliente, ID_Sucursal, Monto_Venta) VALUES (05, 05, 05, 8000);
INSERT INTO Tab_Venta (Num_Factura, ID_Cliente, ID_Sucursal, Monto_Venta) VALUES (06, 06, 06, 10000);
INSERT INTO Tab_Venta (Num_Factura, ID_Cliente, ID_Sucursal, Monto_Venta) VALUES (07, 01, 01, 10500);
INSERT INTO Tab_Venta (Num_Factura, ID_Cliente, ID_Sucursal, Monto_Venta) VALUES (08, 02, 02, 6000);
INSERT INTO Tab_Venta (Num_Factura, ID_Cliente, ID_Sucursal, Monto_Venta) VALUES (09, 03, 03, 9800);
INSERT INTO Tab_Venta (Num_Factura, ID_Cliente, ID_Sucursal, Monto_Venta) VALUES (10, 04, 04, 7600);

-- Inserciones en Tab_Detalle
INSERT INTO Tab_Detalle (Tipo_Elemento, ID_Elemento, Cantidad, Precio, ID_Venta) VALUES ('Pedigree Adulto', 01, 1, 4000, 01);
INSERT INTO Tab_Detalle (Tipo_Elemento, ID_Elemento, Cantidad, Precio, ID_Venta) VALUES ('Hills Science Diet Adulto', 03, 1, 8000, 02);
INSERT INTO Tab_Detalle (Tipo_Elemento, ID_Elemento, Cantidad, Precio, ID_Venta) VALUES ('Purina Cat Chow', 05, 3, 4000, 03);
INSERT INTO Tab_Detalle (Tipo_Elemento, ID_Elemento, Cantidad, Precio, ID_Venta) VALUES ('Collar para Perros', 06, 2, 2500, 04);
INSERT INTO Tab_Detalle (Tipo_Elemento, ID_Elemento, Cantidad, Precio, ID_Venta) VALUES ('Royal Canin Medium Adulto', 15, 1, 7000, 05);
INSERT INTO Tab_Detalle (Tipo_Elemento, ID_Elemento, Cantidad, Precio, ID_Venta) VALUES ('Pelota con Sonido para Mascotas', 20, 1, 1000, 05);
INSERT INTO Tab_Detalle (Tipo_Elemento, ID_Elemento, Cantidad, Precio, ID_Venta) VALUES ('Mochila de Transporte para Mascotas', 10, 1, 10000, 06);
INSERT INTO Tab_Detalle (Tipo_Elemento, ID_Elemento, Cantidad, Precio, ID_Venta) VALUES ('Arnés para Perros', 13, 1, 3500, 07);
INSERT INTO Tab_Detalle (Tipo_Elemento, ID_Elemento, Cantidad, Precio, ID_Venta) VALUES ('Pedigree Adulto', 01, 1, 4000, 07);
INSERT INTO Tab_Detalle (Tipo_Elemento, ID_Elemento, Cantidad, Precio, ID_Venta) VALUES ('Pelota de Caucho para Mascotas', 08, 2, 1500, 07);
INSERT INTO Tab_Detalle (Tipo_Elemento, ID_Elemento, Cantidad, Precio, ID_Venta) VALUES ('Royal Canin Puppy', 02, 1, 6000, 08);
INSERT INTO Tab_Detalle (Tipo_Elemento, ID_Elemento, Cantidad, Precio, ID_Venta) VALUES ('Hills Science Diet Adulto', 03, 1, 8000, 09);
INSERT INTO Tab_Detalle (Tipo_Elemento, ID_Elemento, Cantidad, Precio, ID_Venta) VALUES ('Snacks de Pollo para Perros', 12, 1, 1800, 09);
INSERT INTO Tab_Detalle (Tipo_Elemento, ID_Elemento, Cantidad, Precio, ID_Venta) VALUES ('Whiskas Pollo', 17, 2, 3800, 10);

-- Inserciones en Tab_Pago
INSERT INTO Tab_Pago (Cod_Pago, ID_Proveedor, Monto) VALUES (01, 01, 55000);
INSERT INTO Tab_Pago (Cod_Pago, ID_Proveedor, Monto) VALUES (02, 02, 48000);
INSERT INTO Tab_Pago (Cod_Pago, ID_Proveedor, Monto) VALUES (03, 03, 72000);
INSERT INTO Tab_Pago (Cod_Pago, ID_Proveedor, Monto) VALUES (04, 04, 65000);
INSERT INTO Tab_Pago (Cod_Pago, ID_Proveedor, Monto) VALUES (05, 05, 55000);
INSERT INTO Tab_Pago (Cod_Pago, ID_Proveedor, Monto) VALUES (06, 01, 55000);
INSERT INTO Tab_Pago (Cod_Pago, ID_Proveedor, Monto) VALUES (07, 02, 48000);
INSERT INTO Tab_Pago (Cod_Pago, ID_Proveedor, Monto) VALUES (08, 03, 72000);
INSERT INTO Tab_Pago (Cod_Pago, ID_Proveedor, Monto) VALUES (09, 04, 65000);
INSERT INTO Tab_Pago (Cod_Pago, ID_Proveedor, Monto) VALUES (10, 05, 55000);

-- Inserciones en Tab_Servicio
INSERT INTO Tab_Servicio (ID_Empleado, Nombre_Servicios, Descripcion_Servicio, Precio) VALUES (09, 'Corte de Pelo para Mascotas', 'Corte de pelo profesional para perros y gatos', 20000);
INSERT INTO Tab_Servicio (ID_Empleado, Nombre_Servicios, Descripcion_Servicio, Precio) VALUES (21, 'Baño y Secado', 'Baño relajante y secado para mascotas', 30000);
INSERT INTO Tab_Servicio (ID_Empleado, Nombre_Servicios, Descripcion_Servicio, Precio) VALUES (11, 'Paseo para Perros', 'Paseo divertido y seguro para perros', 10000);
INSERT INTO Tab_Servicio (ID_Empleado, Nombre_Servicios, Descripcion_Servicio, Precio) VALUES (07, 'Entrenamiento Canino', 'Entrenamiento profesional para perros de todas las edades', 50000);
INSERT INTO Tab_Servicio (ID_Empleado, Nombre_Servicios, Descripcion_Servicio, Precio) VALUES (09, 'Corte de Uñas para Mascotas', 'Corte profesional de uñas para perros y gatos', 5000);
INSERT INTO Tab_Servicio (ID_Empleado, Nombre_Servicios, Descripcion_Servicio, Precio) VALUES (21, 'Limpieza de Oídos', 'Limpieza suave y segura de los oídos de las mascotas', 4500);
INSERT INTO Tab_Servicio (ID_Empleado, Nombre_Servicios, Descripcion_Servicio, Precio) VALUES (20, 'Asesoramiento Nutricional', 'Recomendaciones personalizadas sobre la dieta y nutrición de las mascotas', 15000);
